Bestand;Bestand;Bestand;Bestand;Bestand;Bestand;BEZUG;BEZUG;BEZUG;BEZUG;BEZUG;BEZUG;BEZUG;BEZUG;BEZUG;BEZUG;BEZUG;BEZUG
EnEv2016;FB;EPS;Pellets;0.1;EnEv2016_FB_EPS_Pellets_0.1;659165.88;55671.18;-195844.54;28503.32;4707.87;3926.59;99.98;54.88;-28.31;0.000211983;1.57054E-07;-0.000825199
EnEv2016;FB;EPS;Pellets;0.05;EnEv2016_FB_EPS_Pellets_0.05;540670.37;55277.60;-166033.95;24572.75;4674.59;2141.17;91.36;54.49;-25.79;0.000203334;1.55944E-07;-0.000824607
EnEv2016;FB;Holz;Pellets;0.1;EnEv2016_FB_Holz_Pellets_0.1;728068.42;55671.18;-747309.95;-11487.82;4707.87;7550.15;113.12;54.88;-64.43;0.000190491;1.57054E-07;-0.0008265
EnEv2016;FB;Holz;Pellets;0.05;EnEv2016_FB_Holz_Pellets_0.05;582022.89;55277.60;-504090.87;27.30;4674.59;4362.47;99.35;54.49;-47.93;0.000190429;1.55944E-07;-0.000825404
EnEv2016;FB;HF MW;Pellets;0.1;EnEv2016_FB_HFMW_Pellets_0.1;656885.05;55671.18;-211008.00;20865.44;4707.87;9625.42;142.43;54.88;-24.21;0.000633547;1.57054E-07;-0.000867786
EnEv2016;FB;HF MW;Pellets;0.05;EnEv2016_FB_HFMW_Pellets_0.05;633902.91;55277.60;-211015.38;18898.03;4674.59;9624.91;133.18;54.49;-24.21;0.000633502;1.55944E-07;-0.000867786
EnEv2016;2WSV;EPS;Pellets;0.1;EnEv2016_2WSV_EPS_Pellets_0.1;1087760.86;53598.75;-367525.89;43146.60;4532.62;13225.10;192.01;52.84;-35.10;0.001719444;1.51208E-07;-5745.516728
EnEv2016;2WSV;EPS;Pellets;0.05;EnEv2016_2WSV_EPS_Pellets_0.05;1087760.86;50465.55;-367525.89;43146.60;4267.66;13225.10;192.01;49.75;-35.10;0.001719444;1.42369E-07;-5745.516728
EnEv2016;2WSV;Holz;Pellets;0.1;EnEv2016_2WSV_Holz_Pellets_0.1;1115365.85;53598.75;-616822.74;24947.09;4532.62;14863.17;197.71;52.84;-51.42;0.001710809;1.51208E-07;-5745.516729
EnEv2016;2WSV;Holz;Pellets;0.05;EnEv2016_2WSV_Holz_Pellets_0.05;1115365.85;50465.55;-616822.74;24947.09;4267.66;14863.17;197.71;49.75;-51.42;0.001710809;1.42369E-07;-5745.516729
EnEv2016;2WSV;HF MW;Pellets;0.1;EnEv2016_2WSV_HFMW_Pellets_0.1;1210700.04;53598.75;-424911.59;37548.51;4532.62;21451.04;230.30;52.84;-34.57;0.002153873;1.51208E-07;-5745.516772
EnEv2016;2WSV;HF MW;Pellets;0.05;EnEv2016_2WSV_HFMW_Pellets_0.05;1210700.04;50465.55;-424911.59;37548.51;4267.66;21451.04;230.30;49.75;-34.57;0.002153873;1.42369E-07;-5745.516772
EnEv2016;3WSV;EPS;Pellets;0.1;EnEv2016_3WSV_EPS_Pellets_0.1;1146554.24;50052.68;-367933.06;47688.15;4232.74;13195.18;210.67;49.34;-35.28;0.001719526;1.41204E-07;-5745.516728
EnEv2016;3WSV;EPS;Pellets;0.05;EnEv2016_3WSV_EPS_Pellets_0.05;1146554.24;46900.88;-367933.06;47688.15;3966.21;13195.18;210.67;46.24;-35.28;0.001719526;1.32312E-07;-5745.516728
EnEv2016;3WSV;Holz;Pellets;0.1;EnEv2016_3WSV_Holz_Pellets_0.1;1174159.22;50052.68;-617229.91;29488.64;4232.74;14833.26;216.38;49.34;-51.61;0.001710891;1.41204E-07;-5745.516729
EnEv2016;3WSV;Holz;Pellets;0.05;EnEv2016_3WSV_Holz_Pellets_0.05;1174159.22;46900.88;-617229.91;29488.64;3966.21;14833.26;216.38;46.24;-51.61;0.001710891;1.32312E-07;-5745.516729
EnEv2016;3WSV;HF MW;Pellets;0.1;EnEv2016_3WSV_HFMW_Pellets_0.1;1277223.20;50052.68;-425316.27;42751.78;4232.74;21421.30;252.08;49.34;-34.76;0.002153969;1.41204E-07;-5745.516772
EnEv2016;3WSV;HF MW;Pellets;0.05;EnEv2016_3WSV_HFMW_Pellets_0.05;1277223.20;46900.88;-425316.27;42751.78;3966.21;21421.30;252.08;46.24;-34.76;0.002153969;1.32312E-07;-5745.516772
EnEv2016;FB;EPS;WP;0.1;EnEv2016_FB_EPS_WP_0.1;1219085.51;304121.09;-502324.13;37731.00;23007.16;29339.91;188.64;36.53;-31.93;19.25818053;4.15773E-05;-2616.317015
EnEv2016;FB;EPS;WP;0.05;EnEv2016_FB_EPS_WP_0.05;1100590.00;304392.41;-472513.52;33800.43;23027.68;38175.29;180.02;36.56;-17.58;19.25817188;4.16144E-05;-874.1742739
EnEv2016;FB;Holz;WP;0.1;EnEv2016_FB_Holz_WP_0.1;1296271.01;304121.09;-1315498.78;-12880.31;23007.16;44165.39;198.27;36.53;-79.46;19.25814898;4.15773E-05;-2616.31877
EnEv2016;FB;Holz;WP;0.05;EnEv2016_FB_Holz_WP_0.05;1174472.84;304392.41;-1082826.08;720.94;23027.68;66184.09;192.10;36.56;-39.75;19.25814895;4.16144E-05;-874.1742593
EnEv2016;FB;HF MW;WP;0.1;EnEv2016_FB_HFMW_WP_0.1;1167727.16;304121.09;-636032.30;28698.91;23007.16;44365.06;231.01;36.53;-29.52;19.25859206;4.15773E-05;-2616.31881
EnEv2016;FB;HF MW;WP;0.05;EnEv2016_FB_HFMW_WP_0.05;1168992.39;304392.41;-646585.95;28817.63;23027.68;60254.57;229.34;36.56;-16.02;19.25859204;4.16144E-05;-874.1743017
EnEv2016;2WSV;EPS;WP;0.1;EnEv2016_2WSV_EPS_WP_0.1;1647680.49;294371.71;-674005.48;52374.28;22269.60;38638.42;280.66;35.36;-38.72;19.25968799;4.02444E-05;-8361.832918
EnEv2016;2WSV;EPS;WP;0.05;EnEv2016_2WSV_EPS_WP_0.05;1468193.27;276853.57;-674806.28;51224.41;20944.33;33004.66;269.81;33.25;-39.11;19.25968763;3.78495E-05;-8361.832918
EnEv2016;2WSV;Holz;WP;0.1;EnEv2016_2WSV_Holz_WP_0.1;1724081.16;294371.71;-1111716.21;21373.66;22269.60;41514.52;292.50;35.36;-67.39;19.25966431;4.02444E-05;-8361.832919
EnEv2016;2WSV;Holz;WP;0.05;EnEv2016_2WSV_Holz_WP_0.05;1796062.53;276853.57;-1111716.21;37603.96;20944.33;41514.52;318.18;33.25;-67.39;19.25966449;3.78495E-05;-8361.832919
EnEv2016;2WSV;HF MW;WP;0.1;EnEv2016_2WSV_HFMW_WP_0.1;1769784.65;294371.71;-776638.04;43862.75;22269.60;46226.97;331.62;35.36;-40.82;19.26010741;4.02444E-05;-8361.832961
EnEv2016;2WSV;HF MW;WP;0.05;EnEv2016_2WSV_HFMW_WP_0.05;1841766.02;276853.57;-776638.04;60093.05;20944.33;46226.97;357.30;33.25;-40.82;19.26010759;3.78495E-05;-8361.832961
EnEv2016;3WSV;EPS;WP;0.1;EnEv2016_3WSV_EPS_WP_0.1;1706473.87;274547.36;-674412.65;56915.83;20769.86;38608.50;299.33;32.98;-38.91;19.25968807;3.75342E-05;-8361.832918
EnEv2016;3WSV;EPS;WP;0.05;EnEv2016_3WSV_EPS_WP_0.05;1706471.98;256929.73;-674412.65;56915.80;19437.07;38608.50;299.33;30.86;-38.91;19.25959372;3.51256E-05;-8361.832918
EnEv2016;3WSV;Holz;WP;0.1;EnEv2016_3WSV_Holz_WP_0.1;1782874.54;294371.71;-1112123.37;25915.21;22269.60;41484.61;311.17;35.36;-67.58;19.25966439;4.02444E-05;-8361.832919
EnEv2016;3WSV;Holz;WP;0.05;EnEv2016_3WSV_Holz_WP_0.05;1782874.54;256929.73;-1112123.37;25915.21;19437.07;41484.61;311.17;30.86;-67.58;19.25966439;3.51256E-05;-8361.832919
EnEv2016;3WSV;HF MW;WP;0.1;EnEv2016_3WSV_HFMW_WP_0.1;1869897.60;274547.36;-777031.93;51941.50;20769.86;46197.97;366.92;32.98;-41.00;19.26010757;3.75342E-05;-8361.832961
EnEv2016;3WSV;HF MW;WP;0.05;EnEv2016_3WSV_HFMW_WP_0.05;1828578.03;256929.73;-777045.20;48404.30;19437.07;46197.06;350.28;30.86;-41.01;19.26010749;3.51256E-05;-8361.832961
EnEv2016;FB;EPS;Gas;0.1;EnEv2016_FB_EPS_Gas_0.1;649925.19;615528.98;-191292.66;27593.26;37286.50;4550.30;96.76;16.62;-26.10;0.000212006;2.65053E-08;-0.00082523
EnEv2016;FB;EPS;Gas;0.05;EnEv2016_FB_EPS_Gas_0.05;531429.68;611177.36;-161482.07;23662.69;37022.89;2764.88;88.14;16.50;-23.58;0.000203357;2.63179E-08;-0.000824638
EnEv2016;FB;Holz;Gas;0.1;EnEv2016_FB_Holz_Gas_0.1;718827.74;615528.98;-742758.06;-12397.88;37286.50;8173.86;109.90;16.62;-62.22;0.000190514;2.65053E-08;-0.000826531
EnEv2016;FB;Holz;Gas;0.05;EnEv2016_FB_Holz_Gas_0.05;572782.20;611177.36;-499538.99;-882.76;37022.89;4986.18;96.14;16.50;-45.72;0.000190453;2.63179E-08;-0.000825435
EnEv2016;FB;HF MW;Gas;0.1;EnEv2016_FB_HFMW_Gas_0.1;647644.37;615528.98;-206456.12;19955.38;37286.50;10249.13;139.22;16.62;-22.00;0.000633571;2.65053E-08;-0.000867817
EnEv2016;FB;HF MW;Gas;0.05;EnEv2016_FB_HFMW_Gas_0.05;624662.23;611177.36;-206463.50;17987.97;37022.89;10248.62;129.96;16.50;-22.00;0.000633525;2.63179E-08;-0.000867817
EnEv2016;2WSV;EPS;Gas;0.1;EnEv2016_2WSV_EPS_Gas_0.1;1078520.17;592615.11;-362974.01;42236.54;35898.46;13848.81;188.79;16.00;-32.89;0.001719468;2.55186E-08;-5745.516728
EnEv2016;2WSV;EPS;Gas;0.05;EnEv2016_2WSV_EPS_Gas_0.05;1078520.17;557972.82;-362974.01;42236.54;33799.96;13848.81;188.79;15.07;-32.89;0.001719468;2.40269E-08;-5745.516728
EnEv2016;2WSV;Holz;Gas;0.1;EnEv2016_2WSV_Holz_Gas_0.1;1106125.16;592615.11;-612270.86;24037.03;35898.46;15486.89;194.50;16.00;-49.21;0.001710833;2.55186E-08;-5745.516729
EnEv2016;2WSV;Holz;Gas;0.05;EnEv2016_2WSV_Holz_Gas_0.05;1106125.16;557972.82;-612270.86;24037.03;33799.96;15486.89;194.50;15.07;-49.21;0.001710833;2.40269E-08;-5745.516729
EnEv2016;2WSV;HF MW;Gas;0.1;EnEv2016_2WSV_HFMW_Gas_0.1;1226270.33;592615.11;-420351.73;38762.42;35898.46;22075.31;237.07;16.00;-32.36;0.002153945;2.55186E-08;-5745.516772
EnEv2016;2WSV;HF MW;Gas;0.05;EnEv2016_2WSV_HFMW_Gas_0.05;1209189.14;557972.82;-420357.22;37300.17;33799.96;22074.93;230.20;15.07;-32.36;0.002153911;2.40269E-08;-5745.516772
EnEv2016;3WSV;EPS;Gas;0.1;EnEv2016_3WSV_EPS_Gas_0.1;1100355.44;553407.89;-363381.17;45516.14;33523.43;13818.89;205.05;14.94;-33.07;0.00173082;2.38303E-08;-5745.516728
EnEv2016;3WSV;EPS;Gas;0.05;EnEv2016_3WSV_EPS_Gas_0.05;1137313.55;518560.04;-363381.17;46778.09;31412.47;13818.89;207.46;14.00;-33.07;0.001719549;2.23297E-08;-5745.516728
EnEv2016;3WSV;Holz;Gas;0.1;EnEv2016_3WSV_Holz_Gas_0.1;1164918.54;553407.89;-612678.02;28578.58;33523.43;15456.97;213.16;14.94;-49.40;0.001710914;2.38303E-08;-5745.516729
EnEv2016;3WSV;Holz;Gas;0.05;EnEv2016_3WSV_Holz_Gas_0.05;1164918.54;518560.04;-612678.02;28578.58;31412.47;15456.97;213.16;14.00;-49.40;0.001710914;2.23297E-08;-5745.516729
EnEv2016;3WSV;HF MW;Gas;0.1;EnEv2016_3WSV_HFMW_Gas_0.1;1290802.49;553407.89;-420757.06;43795.24;33523.43;22045.52;258.05;14.94;-32.55;0.002154038;2.38303E-08;-5745.516772
EnEv2016;3WSV;HF MW;Gas;0.05;EnEv2016_3WSV_HFMW_Gas_0.05;1267982.52;518560.04;-420764.39;41841.72;31412.47;22045.01;248.86;14.00;-32.55;0.002153992;2.23297E-08;-5745.516772
KfW70;3WSV;EPS;Pellets;0.1;KfW70_3WSV_EPS_Pellets_0.1;1526546.20;23558.66;-462377.99;60297.17;1992.26;18851.71;238.28;23.22;-43.27;0.00174553;6.64615E-08;-5745.51673
KfW70;3WSV;EPS;Pellets;0.05;KfW70_3WSV_EPS_Pellets_0.05;1310028.97;23535.86;-412514.72;53097.32;1990.33;15865.28;222.67;23.20;-39.05;0.001736648;6.63972E-08;-5745.516729
KfW70;3WSV;Holz;Pellets;0.1;KfW70_3WSV_Holz_Pellets_0.1;1872065.91;23558.66;-1895068.76;-5679.17;1992.26;49142.70;299.90;23.22;-126.43;6.419266315;6.64615E-08;-8361.832923
KfW70;3WSV;Holz;Pellets;0.05;KfW70_3WSV_Holz_Pellets_0.05;1627778.81;23558.66;-1488243.57;13581.93;1992.26;43810.76;276.88;23.22;-98.83;6.419266212;6.64615E-08;-8361.832921
KfW70;3WSV;HF MW;Pellets;0.1;KfW70_3WSV_HFMW_Pellets_0.1;1585253.56;23558.66;-949195.56;48640.16;1992.26;45605.28;322.43;23.22;-58.17;6.419743125;6.64615E-08;-8361.832964
KfW70;3WSV;HF MW;Pellets;0.05;KfW70_3WSV_HFMW_Pellets_0.05;1546802.49;23558.66;-932585.32;47008.09;1992.26;45632.38;305.84;23.22;-57.30;6.419709268;6.64615E-08;-8361.832962
KfW70;3WSV;EPS;WP;0.1;KfW70_3WSV_EPS_WP_0.1;1839936.95;151893.23;-647687.85;62419.57;11490.92;37268.32;285.98;18.24;-38.01;12.83661944;2.07658E-05;-7489.735382
KfW70;3WSV;EPS;WP;0.05;KfW70_3WSV_EPS_WP_0.05;1623419.72;152146.46;-597824.59;55219.71;11510.08;34281.89;270.37;18.28;-33.79;12.83661056;2.08004E-05;-7489.735381
KfW70;3WSV;Holz;WP;0.1;KfW70_3WSV_Holz_WP_0.1;2245569.40;151893.23;-1882682.14;-10566.64;11490.92;51583.73;354.77;18.24;-119.85;19.25957024;2.07658E-05;-8361.832923
KfW70;3WSV;Holz;WP;0.05;KfW70_3WSV_Holz_WP_0.05;2001282.30;152146.46;-1475856.95;8694.46;11510.08;46251.78;331.75;18.28;-92.25;19.25957013;2.08004E-05;-8361.832921
KfW70;3WSV;HF MW;WP;0.1;KfW70_3WSV_HFMW_WP_0.1;1901396.99;151893.23;-793644.40;52978.58;11490.92;46170.72;380.71;18.24;-41.87;19.26004707;2.07658E-05;-8361.832964
KfW70;3WSV;HF MW;WP;0.05;KfW70_3WSV_HFMW_WP_0.05;1862945.92;152146.46;-777034.16;51346.51;11510.08;46197.82;364.12;18.28;-41.00;19.26001321;2.08004E-05;-8361.832961
KfW70;3WSV;EPS;Gas;0.1;KfW70_3WSV_EPS_Gas_0.1;1387952.14;260476.52;-457826.10;54970.29;15778.72;19475.42;226.66;7.03;-41.06;0.001785003;1.12164E-08;-5745.51673
KfW70;3WSV;EPS;Gas;0.05;KfW70_3WSV_EPS_Gas_0.05;1300788.29;260224.42;-407962.84;52187.25;15763.45;16488.99;219.46;7.03;-36.84;0.001736671;1.12055E-08;-5745.516729
KfW70;3WSV;Holz;Gas;0.1;KfW70_3WSV_Holz_Gas_0.1;1862825.22;260476.52;-1890516.87;-6589.23;15778.72;49766.41;296.68;7.03;-124.22;6.419266338;1.12164E-08;-8361.832923
KfW70;3WSV;Holz;Gas;0.05;KfW70_3WSV_Holz_Gas_0.05;1618538.13;260224.42;-1483691.69;12671.87;15763.45;44434.47;273.67;7.03;-96.62;6.419266236;1.12055E-08;-8361.832921
KfW70;3WSV;HF MW;Gas;0.1;KfW70_3WSV_HFMW_Gas_0.1;1660722.46;260476.52;-944616.46;54981.75;15778.72;46230.88;353.32;7.03;-55.95;6.419743317;1.12164E-08;-8361.832964
KfW70;3WSV;HF MW;Gas;0.05;KfW70_3WSV_HFMW_Gas_0.05;1544132.12;260224.42;-928031.32;46660.48;15763.45;46256.24;305.27;7.03;-55.09;6.419709304;1.12055E-08;-8361.832962
KfW 55;3WSV;EPS;Pellets;0.1;KfW55_3WSV_EPS_Pellets_0.1;1953533.20;19079.85;-569221.63;74462.81;1613.50;25250.82;269.33;18.81;-52.31;0.001775829;5.38263E-08;-5745.516732
KfW 55;3WSV;EPS;Pellets;0.05;KfW55_3WSV_EPS_Pellets_0.05;1502040.77;3967.73;-457364.82;59479.85;335.53;18551.46;236.54;3.91;-42.85;0.001745472;1.11934E-08;-5745.51673
KfW 55;3WSV;Holz;Pellets;0.1;KfW55_3WSV_Holz_Pellets_0.1;2423088.14;19079.85;-2781668.07;-45426.26;1613.50;59906.97;352.31;18.81;-191.06;6.424706574;5.38263E-08;-8361.832927
KfW 55;3WSV;Holz;Pellets;0.05;KfW55_3WSV_Holz_Pellets_0.05;1875088.18;19045.12;-1869049.01;-2218.57;1610.56;47945.97;300.67;18.78;-129.14;6.424706344;5.37283E-08;-8361.832922
KfW 55;3WSV;HF MW;Pellets;0.1;KfW55_3WSV_HFMW_Pellets_0.1;1695237.99;19079.85;-1020567.67;51575.83;1613.50;44851.40;362.44;18.81;-66.61;6.425298184;5.38263E-08;-8361.832973
KfW 55;3WSV;HF MW;Pellets;0.05;KfW55_3WSV_HFMW_Pellets_0.05;1608971.33;19045.12;-964078.57;49833.41;1610.56;44944.53;323.96;18.78;-63.66;6.425183157;5.37283E-08;-8361.832965
KfW 55;3WSV;EPS;WP;0.1;KfW55_3WSV_EPS_WP_0.1;2266923.95;140289.84;-754531.49;76585.21;10613.11;43667.43;317.03;16.85;-47.05;12.83664974;1.91794E-05;-7489.735384
KfW 55;3WSV;EPS;WP;0.05;KfW55_3WSV_EPS_WP_0.05;1815431.52;140090.87;-642674.68;61602.25;10598.06;36968.07;284.23;16.83;-37.58;12.83661938;1.91522E-05;-7489.735382
KfW 55;3WSV;Holz;WP;0.1;KfW55_3WSV_Holz_WP_0.1;2769008.97;140289.84;-2754399.68;-51837.84;10613.11;63008.67;404.09;16.85;-178.99;19.25957046;1.91794E-05;-8361.832927
KfW 55;3WSV;Holz;WP;0.05;KfW55_3WSV_Holz_WP_0.05;2221009.01;140090.87;-1841780.61;-8630.15;10598.06;51047.67;352.45;16.83;-117.08;19.25957023;1.91522E-05;-8361.832923
KfW 55;3WSV;HF MW;WP;0.1;KfW55_3WSV_HFMW_WP_0.1;2138522.79;140289.84;-850085.04;67635.44;10613.11;46080.94;479.94;16.85;-44.81;19.26016239;1.91794E-05;-8361.832973
KfW 55;3WSV;HF MW;WP;0.05;KfW55_3WSV_HFMW_WP_0.05;1897532.10;140090.87;-793645.64;52647.72;10598.06;46170.63;379.15;16.83;-41.87;19.26004706;1.91522E-05;-8361.832964
KfW 55;3WSV;EPS;Gas;0.1;KfW55_3WSV_EPS_Gas_0.1;1713304.34;210956.51;-564669.74;65665.57;12778.97;25874.53;251.11;5.70;-50.10;0.001846298;9.084E-09;-5745.516732
KfW 55;3WSV;EPS;Gas;0.05;KfW55_3WSV_EPS_Gas_0.05;1492800.08;210572.54;-452812.93;58569.79;12755.72;19175.17;233.32;5.69;-40.64;0.001745495;9.06747E-09;-5745.51673
KfW 55;3WSV;Holz;Gas;0.1;KfW55_3WSV_Holz_Gas_0.1;2386264.79;210956.51;-2762234.41;-47860.43;12778.97;61191.35;346.01;5.70;-183.36;6.419266559;9.084E-09;-8361.832926
KfW 55;3WSV;Holz;Gas;0.05;KfW55_3WSV_Holz_Gas_0.05;1838264.83;210956.51;-1849615.35;-4652.74;12778.97;49230.35;294.37;5.70;-121.45;6.419266328;9.084E-09;-8361.832922
KfW 55;3WSV;HF MW;Gas;0.1;KfW55_3WSV_HFMW_Gas_0.1;1813138.67;210956.51;-1001084.31;62386.96;12778.97;46139.21;418.44;5.70;-58.90;6.419858477;9.084E-09;-8361.832973
KfW 55;3WSV;HF MW;Gas;0.05;KfW55_3WSV_HFMW_Gas_0.05;1572147.98;210572.54;-944644.91;47399.24;12755.72;46228.91;317.65;5.69;-55.96;6.419743141;9.06747E-09;-8361.832964
EnEv2016;FB;EPS;Pellets;0.1;EnEv2016_FB_EPS_Pellets_0.1_Solarthermie;815801.66;50157.56;-228999.72;39511.86;4241.61;2358.30;166.66;49.45;-38.04;0.000213339;1.415E-07;-0.000825876
EnEv2016;FB;EPS;Pellets;0.05;EnEv2016_FB_EPS_Pellets_0.05_Solarthermie;697306.15;41910.98;-199189.14;35581.29;3544.23;572.87;158.04;41.32;-35.52;0.000204691;1.18235E-07;-0.000825284
EnEv2016;FB;Holz;Pellets;0.1;EnEv2016_FB_Holz_Pellets_0.1_Solarthermie;884704.21;50157.56;-780465.13;-479.28;4241.61;5981.86;179.80;49.45;-74.16;0.000191847;1.415E-07;-0.000827176
EnEv2016;FB;Holz;Pellets;0.05;EnEv2016_FB_Holz_Pellets_0.05_Solarthermie;738658.67;47248.86;-537246.05;11035.85;3995.63;2794.17;166.04;46.58;-57.66;0.000191786;1.33294E-07;-0.000826081
EnEv2016;FB;HF MW;Pellets;0.1;EnEv2016_FB_HFMW_Pellets_0.1_Solarthermie;813520.84;50157.56;-244163.19;31873.98;4241.61;8057.12;209.11;49.45;-33.94;0.000634904;1.415E-07;-0.000868462
EnEv2016;FB;HF MW;Pellets;0.05;EnEv2016_FB_HFMW_Pellets_0.05_Solarthermie;790538.70;47248.86;-244170.57;29906.57;3995.63;8056.61;199.86;46.58;-33.95;0.000634858;1.33294E-07;-0.000868462
EnEv2016;2WSV;EPS;Pellets;0.1;EnEv2016_2WSV_EPS_Pellets_0.1_Solarthermie;1244396.64;48609.20;-400681.08;54155.14;4110.67;11656.80;258.69;47.92;-44.83;0.001720801;1.37132E-07;-5745.516729
EnEv2016;2WSV;EPS;Pellets;0.05;EnEv2016_2WSV_EPS_Pellets_0.05_Solarthermie;1087760.86;50465.55;-367525.89;43146.60;4267.66;13225.10;192.01;49.75;-35.10;0.001719444;1.42369E-07;-5745.516728
EnEv2016;2WSV;Holz;Pellets;0.1;EnEv2016_2WSV_Holz_Pellets_0.1_Solarthermie;1272001.63;48609.20;-649977.92;35955.63;4110.67;13294.88;264.39;47.92;-61.16;0.001712166;1.37132E-07;-5745.516729
EnEv2016;2WSV;Holz;Pellets;0.05;EnEv2016_2WSV_Holz_Pellets_0.05_Solarthermie;1272001.63;45475.65;-649977.92;35955.63;3845.68;13294.88;264.39;44.83;-61.16;0.001712166;1.28292E-07;-5745.516729
EnEv2016;2WSV;HF MW;Pellets;0.1;EnEv2016_2WSV_HFMW_Pellets_0.1_Solarthermie;1367335.82;48609.20;-458066.77;48557.05;4110.67;19882.75;296.98;47.92;-44.31;0.002155229;1.37132E-07;-5745.516772
EnEv2016;2WSV;HF MW;Pellets;0.05;EnEv2016_2WSV_HFMW_Pellets_0.05_Solarthermie;1367335.82;45475.65;-458066.77;48557.05;3845.68;19882.75;296.98;44.83;-44.31;0.002155229;1.28292E-07;-5745.516772
EnEv2016;3WSV;EPS;Pellets;0.1;EnEv2016_3WSV_EPS_Pellets_0.1_Solarthermie;1303190.02;45063.12;-401088.24;58696.69;3810.80;11626.89;277.35;44.42;-45.01;0.001720882;1.27128E-07;-5745.516729
EnEv2016;3WSV;EPS;Pellets;0.05;EnEv2016_3WSV_EPS_Pellets_0.05_Solarthermie;1303190.02;41910.98;-401088.24;58696.69;3544.23;11626.89;277.35;41.32;-45.01;0.001720882;1.18235E-07;-5745.516729
EnEv2016;3WSV;Holz;Pellets;0.1;EnEv2016_3WSV_Holz_Pellets_0.1_Solarthermie;1330795.01;45063.12;-650385.09;40497.18;3810.80;13264.96;283.06;44.42;-61.34;0.001712247;1.27128E-07;-5745.516729
EnEv2016;3WSV;Holz;Pellets;0.05;EnEv2016_3WSV_Holz_Pellets_0.05_Solarthermie;1330795.01;41910.98;-650385.09;40497.18;3544.23;13264.96;283.06;41.32;-61.34;0.001712247;1.18235E-07;-5745.516729
EnEv2016;3WSV;HF MW;Pellets;0.1;EnEv2016_3WSV_HFMW_Pellets_0.1_Solarthermie;1433858.99;45063.12;-458471.45;53760.32;3810.80;19853.00;318.76;44.42;-44.49;0.002155326;1.27128E-07;-5745.516772
EnEv2016;3WSV;HF MW;Pellets;0.05;EnEv2016_3WSV_HFMW_Pellets_0.05_Solarthermie;1433858.99;41910.98;-458471.45;53760.32;3544.23;19853.00;318.76;41.32;-44.49;0.002155326;1.18235E-07;-5745.516772
EnEv2016;FB;EPS;WP;0.1;EnEv2016_FB_EPS_WP_0.1_Solarthermie;3849536.29;276944.01;-1824239.55;229263.79;20951.17;-64911.09;1667.11;33.27;-469.06;19.25823723;3.78618E-05;-2616.317055
EnEv2016;FB;EPS;WP;0.05;EnEv2016_FB_EPS_WP_0.05_Solarthermie;3731040.77;259588.66;-1794428.94;225333.22;19638.22;-56075.71;1658.49;31.18;-454.70;19.25822858;3.54891E-05;-874.1743132
EnEv2016;FB;Holz;WP;0.1;EnEv2016_FB_Holz_WP_0.1_Solarthermie;3950969.15;276944.01;-2647960.51;180738.60;20951.17;-51285.81;1684.33;33.27;-521.25;19.25820571;3.78618E-05;-2616.318809
EnEv2016;FB;Holz;WP;0.05;EnEv2016_FB_Holz_WP_0.05_Solarthermie;3804923.62;259588.66;-2404741.50;192253.73;19638.22;-28066.91;1670.57;31.18;-476.87;19.25820564;3.54891E-05;-874.1742986
EnEv2016;FB;HF MW;WP;0.1;EnEv2016_FB_HFMW_WP_0.1_Solarthermie;3798177.93;276944.01;-1957947.73;220231.70;20951.17;-49885.94;1709.48;33.27;-466.65;19.25864876;3.78618E-05;-2616.31885
EnEv2016;FB;HF MW;WP;0.05;EnEv2016_FB_HFMW_WP_0.05_Solarthermie;3799443.16;259588.66;-1968501.37;220350.42;19638.22;-33996.43;1707.81;31.18;-453.14;19.25864874;3.54891E-05;-874.1743409
EnEv2016;2WSV;EPS;WP;0.1;EnEv2016_2WSV_EPS_WP_0.1_Solarthermie;4278131.27;267194.62;-1995920.91;243907.07;20213.62;-55612.58;1759.13;32.09;-475.84;19.25974469;3.6529E-05;-8361.832957
EnEv2016;2WSV;EPS;WP;0.05;EnEv2016_2WSV_EPS_WP_0.05_Solarthermie;4278131.27;249676.48;-1995920.91;243907.07;18888.35;-55612.58;1759.13;29.99;-475.84;19.25974469;3.4134E-05;-8361.832957
EnEv2016;2WSV;Holz;WP;0.1;EnEv2016_2WSV_Holz_WP_0.1_Solarthermie;4354531.93;267194.62;-2433631.63;212906.44;20213.62;-52736.48;1770.97;32.09;-504.51;19.25972101;3.6529E-05;-8361.832958
EnEv2016;2WSV;Holz;WP;0.05;EnEv2016_2WSV_Holz_WP_0.05_Solarthermie;4426513.30;249676.48;-2433631.63;229136.75;18888.35;-52736.48;1796.65;29.99;-504.51;19.25972119;3.4134E-05;-8361.832958
EnEv2016;2WSV;HF MW;WP;0.1;EnEv2016_2WSV_HFMW_WP_0.1_Solarthermie;4400235.43;267194.62;-2098553.46;235395.54;20213.62;-48024.03;1810.09;32.09;-477.94;19.26016411;3.6529E-05;-8361.833001
EnEv2016;2WSV;HF MW;WP;0.05;EnEv2016_2WSV_HFMW_WP_0.05_Solarthermie;4472216.80;249676.48;-2098553.46;251625.84;18888.35;-48024.03;1835.77;29.99;-477.94;19.26016429;3.4134E-05;-8361.833001
EnEv2016;3WSV;EPS;WP;0.1;EnEv2016_3WSV_EPS_WP_0.1_Solarthermie;4336924.65;247370.27;-1996328.07;248448.62;18713.88;-55642.50;1777.80;29.71;-476.03;19.25974477;3.38187E-05;-8361.832957
EnEv2016;3WSV;EPS;WP;0.05;EnEv2016_3WSV_EPS_WP_0.05_Solarthermie;4336922.75;229752.65;-1996328.07;248448.59;17381.09;-55642.50;1777.80;27.60;-476.03;19.25965042;3.14102E-05;-8361.832957
EnEv2016;3WSV;Holz;WP;0.1;EnEv2016_3WSV_Holz_WP_0.1_Solarthermie;4413325.31;247370.27;-2434038.79;217447.99;18713.88;-52766.40;1789.64;29.71;-504.70;19.25972109;3.38187E-05;-8361.832958
EnEv2016;3WSV;Holz;WP;0.05;EnEv2016_3WSV_Holz_WP_0.05_Solarthermie;4413325.31;229752.65;-2434038.79;217447.99;17381.09;-52766.40;1789.64;27.60;-504.70;19.25972109;3.14102E-05;-8361.832958
EnEv2016;3WSV;HF MW;WP;0.1;EnEv2016_3WSV_HFMW_WP_0.1_Solarthermie;4500348.37;247370.27;-2098947.35;243474.29;18713.88;-48053.03;1845.39;29.71;-478.12;19.26016427;3.38187E-05;-8361.833001
EnEv2016;3WSV;HF MW;WP;0.05;EnEv2016_3WSV_HFMW_WP_0.05_Solarthermie;4459028.81;229752.65;-2098960.63;239937.09;17381.09;-48053.95;1828.75;27.60;-478.13;19.26016419;3.14102E-05;-8361.833001
EnEv2016;FB;EPS;Gas;0.1;EnEv2016_FB_EPS_Gas_0.1_Solarthermie;806560.97;554567.54;-224447.84;38601.80;33593.68;2982.01;163.44;14.98;-35.83;0.000213362;2.38802E-08;-0.000825907
EnEv2016;FB;EPS;Gas;0.05;EnEv2016_FB_EPS_Gas_0.05_Solarthermie;688065.46;463389.13;-194637.25;34671.23;28070.42;1196.58;154.82;12.51;-33.31;0.000204714;1.9954E-08;-0.000825315
EnEv2016;FB;Holz;Gas;0.1;EnEv2016_FB_Holz_Gas_0.1_Solarthermie;875463.52;554567.54;-775913.25;-1389.34;33593.68;6605.57;176.58;14.98;-71.95;0.00019187;2.38802E-08;-0.000827208
EnEv2016;FB;Holz;Gas;0.05;EnEv2016_FB_Holz_Gas_0.05_Solarthermie;729417.98;522407.46;-532694.17;10125.79;31645.54;3417.88;162.82;14.11;-55.45;0.000191809;2.24954E-08;-0.000826112
EnEv2016;FB;HF MW;Gas;0.1;EnEv2016_FB_HFMW_Gas_0.1_Solarthermie;804280.15;554567.54;-239611.30;30963.92;33593.68;8680.84;205.90;14.98;-31.73;0.000634927;2.38802E-08;-0.000868494
EnEv2016;FB;HF MW;Gas;0.05;EnEv2016_FB_HFMW_Gas_0.05_Solarthermie;781298.01;463389.13;-239618.68;28996.51;28070.42;8680.32;196.64;12.51;-31.74;0.000634881;1.9954E-08;-0.000868494
EnEv2016;2WSV;EPS;Gas;0.1;EnEv2016_2WSV_EPS_Gas_0.1_Solarthermie;1235155.96;537448.08;-396129.19;53245.08;32556.64;12280.51;255.47;14.51;-42.62;0.001720824;2.31431E-08;-5745.516729
EnEv2016;2WSV;EPS;Gas;0.05;EnEv2016_2WSV_EPS_Gas_0.05_Solarthermie;1235155.96;502801.91;-396129.19;53245.08;30457.90;12280.51;255.47;13.58;-42.62;0.001720824;2.16512E-08;-5745.516729
EnEv2016;2WSV;Holz;Gas;0.1;EnEv2016_2WSV_Holz_Gas_0.1_Solarthermie;1262760.94;537448.08;-645426.04;35045.57;32556.64;13918.59;261.18;14.51;-58.95;0.001712189;2.31431E-08;-5745.516729
EnEv2016;2WSV;Holz;Gas;0.05;EnEv2016_2WSV_Holz_Gas_0.05_Solarthermie;1262760.94;502801.91;-645426.04;35045.57;30457.90;13918.59;261.18;13.58;-58.95;0.001712189;2.16512E-08;-5745.516729
EnEv2016;2WSV;HF MW;Gas;0.1;EnEv2016_2WSV_HFMW_Gas_0.1_Solarthermie;1382906.11;537448.08;-453506.92;49770.96;32556.64;20507.01;303.75;14.51;-42.09;0.002155302;2.31431E-08;-5745.516772
EnEv2016;2WSV;HF MW;Gas;0.05;EnEv2016_2WSV_HFMW_Gas_0.05_Solarthermie;1365824.92;502801.91;-453512.40;48308.71;30457.90;20506.63;296.88;13.58;-42.10;0.002155268;2.16512E-08;-5745.516772
EnEv2016;3WSV;EPS;Gas;0.1;EnEv2016_3WSV_EPS_Gas_0.1_Solarthermie;1293949.33;498240.85;-396536.36;57786.63;30181.61;12250.60;274.14;13.45;-42.80;0.001720905;2.14548E-08;-5745.516729
EnEv2016;3WSV;EPS;Gas;0.05;EnEv2016_3WSV_EPS_Gas_0.05_Solarthermie;1293949.33;463389.13;-396536.36;57786.63;28070.42;12250.60;274.14;12.51;-42.80;0.001720905;1.9954E-08;-5745.516729
EnEv2016;3WSV;Holz;Gas;0.1;EnEv2016_3WSV_Holz_Gas_0.1_Solarthermie;1321554.32;498240.85;-645833.21;39587.12;30181.61;13888.67;279.84;13.45;-59.13;0.00171227;2.14548E-08;-5745.516729
EnEv2016;3WSV;Holz;Gas;0.05;EnEv2016_3WSV_Holz_Gas_0.05_Solarthermie;1321554.32;463389.13;-645833.21;39587.12;28070.42;13888.67;279.84;12.51;-59.13;0.00171227;1.9954E-08;-5745.516729
EnEv2016;3WSV;HF MW;Gas;0.1;EnEv2016_3WSV_HFMW_Gas_0.1_Solarthermie;1447438.28;498240.85;-453912.24;54803.78;30181.61;20477.22;324.73;13.45;-42.28;0.002155394;2.14548E-08;-5745.516772
EnEv2016;3WSV;HF MW;Gas;0.05;EnEv2016_3WSV_HFMW_Gas_0.05_Solarthermie;1424618.30;463389.13;-453919.57;52850.26;28070.42;20476.71;315.54;12.51;-42.28;0.002155349;1.9954E-08;-5745.516772
KfW70;3WSV;EPS;Pellets;0.1;KfW70_3WSV_EPS_Pellets_0.1_Solarthermie;1683181.98;18560.69;-495533.17;71305.71;1569.60;17283.41;304.96;18.30;-53.00;0.001746886;5.23617E-08;-5745.516731
KfW70;3WSV;EPS;Pellets;0.05;KfW70_3WSV_EPS_Pellets_0.05_Solarthermie;1466664.76;15909.46;-445669.91;64105.86;1345.40;14296.99;289.35;15.68;-48.78;0.001738005;4.48823E-08;-5745.51673
KfW70;3WSV;Holz;Pellets;0.1;KfW70_3WSV_Holz_Pellets_0.1_Solarthermie;2028701.69;18560.69;-1928223.94;5329.37;1569.60;47574.41;366.58;18.30;-136.16;6.419267672;5.23617E-08;-8361.832923
KfW70;3WSV;Holz;Pellets;0.05;KfW70_3WSV_Holz_Pellets_0.05_Solarthermie;1784414.60;15909.46;-1521398.76;24590.47;1345.40;42242.46;343.56;15.68;-108.56;6.419267569;4.48823E-08;-8361.832921
KfW70;3WSV;HF MW;Pellets;0.1;KfW70_3WSV_HFMW_Pellets_0.1_Solarthermie;1741889.35;18560.69;-982350.74;59648.70;1569.60;44036.99;389.11;18.30;-67.90;6.419744482;5.23617E-08;-8361.832965
KfW70;3WSV;HF MW;Pellets;0.05;KfW70_3WSV_HFMW_Pellets_0.05_Solarthermie;1703438.27;15909.46;-965740.50;58016.63;1345.40;44064.09;372.52;15.68;-67.03;6.419710624;4.48823E-08;-8361.832963
KfW70;3WSV;EPS;WP;0.1;KfW70_3WSV_EPS_WP_0.1_Solarthermie;4470387.72;124399.61;-1969603.27;253952.36;9410.99;-56982.68;1764.45;14.94;-475.13;12.83667614;1.7007E-05;-7489.735421
KfW70;3WSV;EPS;WP;0.05;KfW70_3WSV_EPS_WP_0.05_Solarthermie;4253870.50;109594.65;-1919740.01;246752.50;8290.98;-59969.11;1748.84;13.16;-470.91;12.83666726;1.4983E-05;-7489.73542
KfW70;3WSV;Holz;WP;0.1;KfW70_3WSV_Holz_WP_0.1_Solarthermie;4876020.18;124399.61;-3204597.56;180966.15;9410.99;-42667.27;1833.24;14.94;-556.97;19.25962693;1.7007E-05;-8361.832962
KfW70;3WSV;Holz;WP;0.05;KfW70_3WSV_Holz_WP_0.05_Solarthermie;4631733.08;109594.65;-2797772.37;200227.24;8290.98;-47999.22;1810.22;13.16;-529.37;19.25962683;1.4983E-05;-8361.83296
KfW70;3WSV;HF MW;WP;0.1;KfW70_3WSV_HFMW_WP_0.1_Solarthermie;4531847.77;124399.61;-2115559.83;244511.37;9410.99;-48080.28;1859.18;14.94;-478.99;19.26010377;1.7007E-05;-8361.833003
KfW70;3WSV;HF MW;WP;0.05;KfW70_3WSV_HFMW_WP_0.05_Solarthermie;4493396.70;109594.65;-2098949.59;242879.29;8290.98;-48053.18;1842.59;13.16;-478.12;19.26006991;1.4983E-05;-8361.833001
KfW70;3WSV;EPS;Gas;0.1;KfW70_3WSV_EPS_Gas_0.1_Solarthermie;1544587.92;205216.40;-490981.29;65978.83;12431.26;17907.12;293.34;5.54;-50.79;0.001786359;8.83683E-09;-5745.516731
KfW70;3WSV;EPS;Gas;0.05;KfW70_3WSV_EPS_Gas_0.05_Solarthermie;1457424.07;175903.10;-441118.02;63195.80;10655.57;14920.70;286.14;4.75;-46.58;0.001738028;7.57457E-09;-5745.51673
KfW70;3WSV;Holz;Gas;0.1;KfW70_3WSV_Holz_Gas_0.1_Solarthermie;2019461.01;205216.40;-1923672.06;4419.31;12431.26;48198.12;363.36;5.54;-133.95;6.419267695;8.83683E-09;-8361.832923
KfW70;3WSV;Holz;Gas;0.05;KfW70_3WSV_Holz_Gas_0.05_Solarthermie;1775173.91;175903.10;-1516846.87;23680.41;10655.57;42866.17;340.35;4.75;-106.35;6.419267592;7.57457E-09;-8361.832921
KfW70;3WSV;HF MW;Gas;0.1;KfW70_3WSV_HFMW_Gas_0.1_Solarthermie;1817358.25;205216.40;-977771.64;65990.29;12431.26;44662.58;420.00;5.54;-65.68;6.419744674;8.83683E-09;-8361.832965
KfW70;3WSV;HF MW;Gas;0.05;KfW70_3WSV_HFMW_Gas_0.05_Solarthermie;1700767.90;175903.10;-961186.50;57669.03;10655.57;44687.94;371.95;4.75;-64.82;6.41971066;7.57457E-09;-8361.832963
KfW 55;3WSV;EPS;Pellets;0.1;KfW55_3WSV_EPS_Pellets_0.1_Solarthermie;2110168.98;14077.32;-602376.81;85471.35;1190.46;23682.53;336.01;13.88;-62.04;0.001777185;3.97136E-08;-5745.516733
KfW 55;3WSV;EPS;Pellets;0.05;KfW55_3WSV_EPS_Pellets_0.05_Solarthermie;1658676.55;2396.88;-490520.00;70488.39;202.69;16983.16;303.22;2.36;-52.58;0.001746828;6.76185E-09;-5745.516731
KfW 55;3WSV;Holz;Pellets;0.1;KfW55_3WSV_Holz_Pellets_0.1_Solarthermie;2579723.92;14077.32;-2814823.25;-34417.71;1190.46;58338.68;418.99;13.88;-200.79;6.424707931;3.97136E-08;-8361.832927
KfW 55;3WSV;Holz;Pellets;0.05;KfW55_3WSV_Holz_Pellets_0.05_Solarthermie;2031723.96;11505.02;-1902204.19;8789.97;972.93;46377.68;367.35;11.34;-138.88;6.4247077;3.24569E-08;-8361.832923
KfW 55;3WSV;HF MW;Pellets;0.1;KfW55_3WSV_HFMW_Pellets_0.1_Solarthermie;1851873.77;14077.32;-1053722.85;62584.37;1190.46;43283.10;429.12;13.88;-76.35;6.42529954;3.97136E-08;-8361.832974
KfW 55;3WSV;HF MW;Pellets;0.05;KfW55_3WSV_HFMW_Pellets_0.05_Solarthermie;1765607.11;11505.02;-997233.75;60841.95;972.93;43376.24;390.64;11.34;-73.39;6.425184513;3.24569E-08;-8361.832965
KfW 55;3WSV;EPS;WP;0.1;KfW55_3WSV_EPS_WP_0.1_Solarthermie;4897374.72;113112.75;-2076446.91;268118.00;8557.13;-50583.57;1795.50;13.59;-484.17;12.83670644;1.5464E-05;-7489.735423
KfW 55;3WSV;EPS;WP;0.05;KfW55_3WSV_EPS_WP_0.05_Solarthermie;4445882.29;98461.54;-1964590.11;253135.03;7448.74;-57282.93;1762.70;11.83;-474.70;12.83667608;1.3461E-05;-7489.735421
KfW 55;3WSV;Holz;WP;0.1;KfW55_3WSV_Holz_WP_0.1_Solarthermie;5399459.75;113112.75;-4076315.10;139694.95;8557.13;-31242.34;1882.56;13.59;-616.11;19.25962715;1.5464E-05;-8361.832966
KfW 55;3WSV;Holz;WP;0.05;KfW55_3WSV_Holz_WP_0.05_Solarthermie;4851459.79;98461.54;-3163696.03;182902.64;7448.74;-43203.34;1830.92;11.83;-554.20;19.25962692;1.3461E-05;-8361.832962
KfW 55;3WSV;HF MW;WP;0.1;KfW55_3WSV_HFMW_WP_0.1_Solarthermie;4768973.57;113112.75;-2172000.46;259168.23;8557.13;-48170.06;1958.41;13.59;-481.93;19.26021909;1.5464E-05;-8361.833012
KfW 55;3WSV;HF MW;WP;0.05;KfW55_3WSV_HFMW_WP_0.05_Solarthermie;4527982.88;98461.54;-2115561.07;244180.51;7448.74;-48080.37;1857.62;11.83;-478.99;19.26010376;1.3461E-05;-8361.833003
KfW 55;3WSV;EPS;Gas;0.1;KfW55_3WSV_EPS_Gas_0.1_Solarthermie;1869940.13;155645.97;-597824.93;76674.11;9428.46;24306.24;317.79;4.20;-59.83;0.001847655;6.70227E-09;-5745.516733
KfW 55;3WSV;EPS;Gas;0.05;KfW55_3WSV_EPS_Gas_0.05_Solarthermie;1649435.87;127205.31;-485968.12;69578.33;7705.63;17606.87;300.00;3.43;-50.37;0.001746851;5.47759E-09;-5745.516731
KfW 55;3WSV;Holz;Gas;0.1;KfW55_3WSV_Holz_Gas_0.1_Solarthermie;2542900.58;155645.97;-2795389.60;-36851.88;9428.46;59623.05;412.69;4.20;-193.09;6.419267915;6.70227E-09;-8361.832927
KfW 55;3WSV;Holz;Gas;0.05;KfW55_3WSV_Holz_Gas_0.05_Solarthermie;1994900.62;127205.31;-1882770.53;6355.80;7705.63;47662.05;361.05;3.43;-131.18;6.419267684;5.47759E-09;-8361.832923
KfW 55;3WSV;HF MW;Gas;0.1;KfW55_3WSV_HFMW_Gas_0.1_Solarthermie;1969774.46;155645.97;-1034239.49;73395.50;9428.46;44570.92;485.12;4.20;-68.63;6.419859833;6.70227E-09;-8361.832974
KfW 55;3WSV;HF MW;Gas;0.05;KfW55_3WSV_HFMW_Gas_0.05_Solarthermie;1728783.77;127205.31;-977800.10;58407.78;7705.63;44660.61;384.33;3.43;-65.69;6.419744497;5.47759E-09;-8361.832965