49140.78115;163350.9095;84.23649617;K45;B45;"GWP;A;Q;87;89";S40;B40;"PENRT - Non Renewable;A;Q;82;84";K42;B42;"AP;A;Q;84;86"
Variante;;;GWP_S;GWP_M;GWP_R;PENRT_S;PENRT_M;PENRT_R;AP_S;AP_M;AP_R
Bestand;;;BEZUG;BEZUG;BEZUG;BEZUG;BEZUG;BEZUG;BEZUG;BEZUG;BEZUG
EnEv2016_FB_EPS_Pellets_0.1;;;250175.324;4707.874839;3926.593602;3826540.092;55671.18391;-195844.5395;662.3529681;54.88245365;-28.30825462
EnEv2016_FB_EPS_Pellets_0.05;;;246244.7586;4674.59148;2141.168162;3704895.944;55277.6042;-166033.9529;653.7315174;54.49445004;-25.78609042
EnEv2016_FB_Holz_Pellets_0.1;;;221619.6202;4707.874839;7550.153682;3168499.388;55671.18391;-747309.9491;562.5080405;54.88245365;-64.4285132
EnEv2016_FB_Holz_Pellets_0.05;;;221642.5802;4674.59148;4362.467138;3165059.55;55277.6042;-504090.87;562.4806005;54.49445004;-47.9283736
EnEv2016_FB_HFMW_Pellets_0.1;;;221685.5128;4707.874839;9625.421311;3168258.704;55671.18391;-211008.0023;562.5506115;54.88245365;-24.21006027
EnEv2016_FB_HFMW_Pellets_0.05;;;221681.59;4674.59148;9624.910056;3165064.243;55277.6042;-211015.3847;562.5321597;54.49445004;-24.21323601
EnEv2016_2WSV_EPS_Pellets_0.1;;;264818.6062;4532.618076;13225.09866;4238555.617;53598.7517;-367525.8924;754.3776109;52.83938295;-35.0950012
EnEv2016_2WSV_EPS_Pellets_0.05;;;264818.6062;4267.65643;13225.09866;4213489.991;50465.54849;-367525.8924;754.3776109;49.75056989;-35.0950012
EnEv2016_2WSV_Holz_Pellets_0.1;;;246619.0975;4532.618076;14863.1744;4266160.604;53598.7517;-616822.7417;760.0852225;52.83938295;-51.42361674
EnEv2016_2WSV_Holz_Pellets_0.05;;;246619.0975;4267.65643;14863.1744;4241094.979;50465.54849;-616822.7417;760.0852225;49.75056989;-51.42361674
EnEv2016_2WSV_HFMW_Pellets_0.1;;;259220.516;4532.618076;21451.04348;4361494.797;53598.7517;-424911.5861;792.672813;52.83938295;-34.57354492
EnEv2016_2WSV_HFMW_Pellets_0.05;;;259220.516;4267.65643;21451.04348;4336429.172;50465.54849;-424911.5861;792.672813;49.75056989;-34.57354492
EnEv2016_3WSV_EPS_Pellets_0.1;;;269360.1568;4232.741533;13195.18205;4268980.386;50052.67566;-367933.0589;773.0440294;49.3435465;-35.27993035
EnEv2016_3WSV_EPS_Pellets_0.05;;;269360.1568;3966.207679;13195.18205;4243766.028;46900.8809;-367933.0589;773.0440294;46.23640529;-35.27993035
EnEv2016_3WSV_Holz_Pellets_0.1;;;251160.6481;4232.741533;14833.2578;4296585.374;50052.67566;-617229.9082;778.751641;49.3435465;-51.60854589
EnEv2016_3WSV_Holz_Pellets_0.05;;;251160.6481;3966.207679;14833.2578;4271371.016;46900.8809;-617229.9082;778.751641;46.23640529;-51.60854589
EnEv2016_3WSV_HFMW_Pellets_0.1;;;3286920.252;4232.741533;21421.29883;4921813.084;50052.67566;-425316.2696;3244420.557;49.3435465;-34.75740595
EnEv2016_3WSV_HFMW_Pellets_0.05;;;264423.7821;3966.207679;21421.29883;4374434.994;46900.8809;-425316.2696;814.4517569;46.23640529;-34.75740595
EnEv2016_FB_EPS_WP_0.1;;;259403.005;23007.15504;29339.91449;6374058.996;304121.0927;-502324.1301;751.0112342;36.5299416;-31.93403132
EnEv2016_FB_EPS_WP_0.05;;;255472.4396;23027.68065;38175.2898;6257734.035;304392.4114;-472513.5221;742.3897836;36.56253143;-17.58007844
EnEv2016_FB_Holz_WP_0.1;;;208791.6911;23007.15504;44165.38833;6451244.493;304121.0927;-1315498.78;760.6436411;36.5299416;-79.45791328
EnEv2016_FB_Holz_WP_0.05;;;222392.947;23027.68065;66184.08954;6331616.878;304392.4114;-1082826.076;754.4695999;36.56253143;-39.74687057
EnEv2016_FB_HFMW_WP_0.1;;;250370.9165;23007.15504;44365.06454;6322700.642;304121.0927;-636032.3043;793.3771272;36.5299416;-29.52375732
EnEv2016_FB_HFMW_WP_0.05;;;250489.6358;23027.68065;60254.57487;6326136.424;304392.4114;-646585.9497;791.7109318;36.56253143;-16.01624975
EnEv2016_2WSV_EPS_WP_0.1;;;274046.2872;22269.60149;38638.41955;6724658.906;294371.7086;-674005.483;843.0358771;35.35888034;-38.7207779
EnEv2016_2WSV_EPS_WP_0.05;;;272896.415;20944.33134;33004.65571;6405026.545;276853.5668;-674806.2816;832.1781122;33.25466358;-39.10978529
EnEv2016_2WSV_Holz_WP_0.1;;;243045.6618;22269.60149;41514.52215;6801059.572;294371.7086;-1111716.205;854.87173;35.35888034;-67.39025418
EnEv2016_2WSV_Holz_WP_0.05;;;259275.9636;20944.33134;41514.52215;6732895.806;276853.5668;-1111716.205;880.5540757;33.25466358;-67.39025418
EnEv2016_2WSV_HFMW_WP_0.1;;;265534.7573;22269.60149;46226.97177;6846763.067;294371.7086;-776638.0376;893.987944;35.35888034;-40.82341121
EnEv2016_2WSV_HFMW_WP_0.05;;;281765.0591;20944.33134;46226.97177;6778599.302;276853.5668;-776638.0376;919.6702897;33.25466358;-40.82341121
EnEv2016_3WSV_EPS_WP_0.1;;;319068.0343;20769.86367;38608.50294;5965778.719;274547.3581;-674412.6495;828.6198631;32.97765002;-38.90570704
EnEv2016_3WSV_EPS_WP_0.05;;;278587.8056;19437.06746;38608.50294;6483914.583;256929.7327;-674412.6495;861.7018214;30.86148366;-38.90570704
EnEv2016_3WSV_Holz_WP_0.1;;;243045.6618;22269.60149;41484.60555;6801059.572;294371.7086;-1112123.372;854.87173;35.35888034;-67.57518332
EnEv2016_3WSV_Holz_WP_0.05;;;247587.2123;19437.06746;41484.60555;6560317.142;256929.7327;-1112123.372;873.5381485;30.86148366;-67.57518332
EnEv2016_3WSV_HFMW_WP_0.1;;;273613.5086;20769.86367;46197.97434;6788281.206;274547.3581;-777031.9315;929.2923674;32.97765002;-41.00263075
EnEv2016_3WSV_HFMW_WP_0.05;;;270076.3079;19437.06746;46197.05516;6606020.638;256929.7327;-777045.2041;912.6543625;30.86148366;-41.00834036
EnEv2016_FB_EPS_Gas_0.1;;;249265.2636;37286.49844;4550.304731;8296161.759;615528.9781;-191292.6553;659.1351366;16.62118624;-26.09908571
EnEv2016_FB_EPS_Gas_0.05;;;249265.2636;37022.89332;2764.879291;8261348.816;611177.3603;-161482.0688;659.1351366;16.5036791;-23.57692151
EnEv2016_FB_Holz_Gas_0.1;;;249265.2636;37286.49844;8173.864811;8296161.759;615528.9781;-742758.0649;659.1351366;16.62118624;-62.21934429
EnEv2016_FB_Holz_Gas_0.05;;;249265.2636;37022.89332;4986.178267;8261348.816;611177.3603;-499538.9859;659.1351366;16.5036791;-45.71920469
EnEv2016_FB_HFMW_Gas_0.1;;;249265.2636;37286.49844;10249.13244;8296161.759;615528.9781;-206456.1182;659.1351366;16.62118624;-22.00089135
EnEv2016_FB_HFMW_Gas_0.05;;;249265.2636;37022.89332;10248.62118;8261348.816;611177.3603;-206463.5006;659.1351366;16.5036791;-22.0040671
EnEv2016_2WSV_EPS_Gas_0.1;;;263908.5458;35898.46005;13848.80979;8541445.809;592615.1115;-362974.0082;751.1597794;16.00244097;-32.88583229
EnEv2016_2WSV_EPS_Gas_0.05;;;263908.5458;33799.95651;13848.80979;8264307.479;557972.8203;-362974.0082;751.1597794;15.06699196;-32.88583229
EnEv2016_2WSV_Holz_Gas_0.1;;;245709.0371;35898.46005;15486.88553;8569050.796;592615.1115;-612270.8575;756.867391;16.00244097;-49.21444783
EnEv2016_2WSV_Holz_Gas_0.05;;;245709.0371;33799.95651;15486.88553;8291912.466;557972.8203;-612270.8575;756.867391;15.06699196;-49.21444783
EnEv2016_2WSV_HFMW_Gas_0.1;;;260434.4229;35898.46005;22075.30655;8689195.966;592615.1115;-420351.732;799.4455306;16.00244097;-32.36094753
EnEv2016_2WSV_HFMW_Gas_0.05;;;258972.1712;33799.95651;22074.92656;8394976.444;557972.8203;-420357.219;792.567507;15.06699196;-32.36330789
EnEv2016_3WSV_EPS_Gas_0.1;;;267188.1472;33523.42957;13818.89318;8249623.29;553407.8878;-363381.1747;767.425341;14.94372466;-33.07076143
EnEv2016_3WSV_EPS_Gas_0.05;;;268450.0964;31412.47409;13818.89318;8007798.605;518560.0388;-363381.1747;769.8261979;14.00272496;-33.07076143
EnEv2016_3WSV_Holz_Gas_0.1;;;3272747.058;33523.42957;15456.96892;8836350.116;553407.8878;-612678.024;3244381.639;14.94372466;-49.39937698
EnEv2016_3WSV_Holz_Gas_0.05;;;250250.5877;31412.47409;15456.96892;8035403.593;518560.0388;-612678.024;775.5338095;14.00272496;-49.39937698
EnEv2016_3WSV_HFMW_Gas_0.1;;;3287963.718;33523.42957;22045.5176;8962234.07;553407.8878;-420757.0552;3244426.528;14.94372466;-32.5450837
EnEv2016_3WSV_HFMW_Gas_0.05;;;263513.7218;31412.47409;22045.00996;8138467.571;518560.0388;-420764.3854;811.2339255;14.00272496;-32.54823704
KfW70_3WSV_EPS_Pellets_0.1;;;281969.1751;1992.25528;18851.70877;4437020.199;23558.65733;-462377.9882;800.6556469;23.22488635;-43.27056879
KfW70_3WSV_EPS_Pellets_0.05;;;274769.3209;1990.3271;15865.28173;4220320.566;23535.85637;-412514.7232;785.0451345;23.20240842;-39.05182116
KfW70_3WSV_Holz_Pellets_0.1;;;215992.8371;1992.25528;49142.70221;4782539.913;23558.65733;-1895068.758;862.2733556;23.22488635;-126.4297497
KfW70_3WSV_Holz_Pellets_0.05;;;235253.9352;1992.25528;43810.75551;4538252.815;23558.65733;-1488243.574;839.2539944;23.22488635;-98.83046609
KfW70_3WSV_HFMW_Pellets_0.1;;;270312.167;1992.25528;45605.28161;4495727.564;23558.65733;-949195.5555;884.7984715;23.22488635;-58.16699052
KfW70_3WSV_HFMW_Pellets_0.05;;;268680.0922;1992.25528;45632.38315;4457276.491;23558.65733;-932585.3159;868.2126639;23.22488635;-57.29865563
KfW70_3WSV_EPS_WP_0.1;;;284091.5739;11490.92006;37268.31748;5777087.556;151893.2332;-647687.8526;848.3495224;18.24487374;-38.00623718
KfW70_3WSV_EPS_WP_0.05;;;276891.7197;11510.0773;34281.89044;5562596.177;152146.4639;-597824.5876;832.73901;18.27529091;-33.78748955
KfW70_3WSV_Holz_WP_0.1;;;211105.3642;11490.92006;51583.73022;6182720.011;151893.2332;-1882682.135;917.1379383;18.24487374;-119.8503881
KfW70_3WSV_Holz_WP_0.05;;;230366.4623;11510.0773;46251.78351;5940458.76;152146.4639;-1475856.951;894.1185772;18.27529091;-92.25110452
KfW70_3WSV_HFMW_WP_0.1;;;274650.5877;11490.92006;46170.7182;5838547.603;151893.2332;-793644.4034;943.0791272;18.24487374;-41.87192593
KfW70_3WSV_HFMW_WP_0.05;;;273018.5129;11510.0773;46197.81974;5802122.376;152146.4639;-777034.1638;926.4933195;18.27529091;-41.00359103
KfW70_3WSV_EPS_Gas_0.1;;;276642.2926;15778.71671;19475.4199;6193769.043;260476.5204;-457826.104;789.0348162;7.033671705;-41.06139988
KfW70_3WSV_EPS_Gas_0.05;;;273859.2606;15763.44547;16488.99286;6104588.4;260224.4213;-407962.839;781.827303;7.02686425;-36.84265224
KfW70_3WSV_Holz_Gas_0.1;;;215082.7768;15778.71671;49766.41334;6668642.131;260476.5204;-1890516.874;859.0555241;7.033671705;-124.2205808
KfW70_3WSV_Holz_Gas_0.05;;;234343.8748;15763.44547;44434.46664;6422338.24;260224.4213;-1483691.69;836.0361629;7.02686425;-96.62129718
KfW70_3WSV_HFMW_Gas_0.1;;;276653.7516;15778.71671;46230.87717;6466539.37;260476.5204;-944616.4608;915.6903535;7.033671705;-55.94611616
KfW70_3WSV_HFMW_Gas_0.05;;;268332.4901;15763.44547;46256.24044;6347932.234;260224.4213;-928031.3213;867.640479;7.02686425;-55.08857881
KfW55_3WSV_EPS_Pellets_0.1;;;296134.815;1613.501328;25250.82301;4828176.713;19079.84648;-569221.6259;831.7043571;18.80952975;-52.31021641
KfW55_3WSV_EPS_Pellets_0.05;;;281151.8529;335.5342835;18551.45837;4255787.377;3967.733095;-457364.8186;798.9083815;3.911519612;-42.84642293
KfW55_3WSV_Holz_Pellets_0.1;;;176245.7498;1613.501328;59906.97432;5297731.654;19079.84648;-2781668.071;914.6827283;18.80952975;-191.056045
KfW55_3WSV_Holz_Pellets_0.05;;;219453.4391;1610.564561;47945.97386;4749453.872;19045.11886;-1869049.005;863.0442704;18.77529414;-129.1433774
KfW55_3WSV_HFMW_Pellets_0.1;;;273247.8348;1613.501328;44851.39789;4569881.506;19079.84648;-1020567.668;924.8138486;18.80952975;-66.61442148
KfW55_3WSV_HFMW_Pellets_0.05;;;271505.4189;1610.564561;44944.53232;4483337.022;19045.11886;-964078.5702;886.3274681;18.77529414;-63.65593831
KfW55_3WSV_EPS_WP_0.1;;;298257.2138;10613.10819;43667.43172;6111247.397;140289.8382;-754531.4903;879.3982325;16.8511153;-47.0458848
KfW55_3WSV_EPS_WP_0.05;;;283274.2517;10598.05607;36968.06708;5658163.232;140090.8712;-642674.683;846.6022569;16.82721609;-37.58209132
KfW55_3WSV_Holz_WP_0.1;;;169834.1672;10613.10819;63008.66564;6613332.423;140289.8382;-2754399.675;966.4620517;16.8511153;-178.9882697
KfW55_3WSV_Holz_WP_0.05;;;213041.8565;10598.05607;51047.66518;6063740.725;140090.8712;-1841780.609;914.8235938;16.82721609;-117.0756021
KfW55_3WSV_HFMW_WP_0.1;;;289307.4436;10613.10819;46080.93975;5982846.242;140289.8382;-850085.0423;1042.311429;16.8511153;-44.80956288
KfW55_3WSV_HFMW_WP_0.05;;;274319.7299;10598.05607;46170.63223;5740263.815;140090.8712;-793645.6448;941.5228644;16.82721609;-41.87245998
KfW55_3WSV_EPS_Gas_0.1;;;287337.5723;12778.97497;25874.53414;6122961.128;210956.5053;-564669.7418;813.4811698;5.696478133;-50.1010475
KfW55_3WSV_EPS_Gas_0.05;;;280241.7926;12755.7157;19175.1695;5899385.138;210572.5391;-452812.9344;795.69055;5.686109855;-40.63725402
KfW55_3WSV_Holz_Gas_0.1;;;173811.5798;12778.97497;61191.34877;6795921.581;210956.5053;-2762234.414;908.3796375;5.696478133;-183.3584624
KfW55_3WSV_Holz_Gas_0.05;;;217019.2691;12778.97497;49230.3483;6247921.62;210956.5053;-1849615.348;856.7411796;5.696478133;-121.4457948
KfW55_3WSV_HFMW_Gas_0.1;;;284058.9626;12778.97497;46139.21429;6222795.461;210956.5053;-1001084.31;980.8129415;5.696478133;-58.89545856
KfW55_3WSV_HFMW_Gas_0.05;;;269071.2489;12755.7157;46228.90676;5978733.039;210572.5391;-944644.9129;880.0243773;5.686109855;-55.95835566
EnEv2016_FB_EPS_Pellets_0.1_Solarthermie;;;261183.8651;4241.611163;2358.297059;3939066.885;50157.56009;-228999.7228;729.0332474;49.44694497;-38.04106723
EnEv2016_FB_EPS_Pellets_0.05_Solarthermie;;;257253.2997;3544.232822;572.8716187;3754598.716;41910.97767;-199189.1362;720.4117967;41.3171973;-35.51890303
EnEv2016_FB_Holz_Pellets_0.1_Solarthermie;;;221619.6202;4241.611163;5981.857139;3124390.397;50157.56009;-780465.1324;562.5080405;49.44694497;-74.16132581
EnEv2016_FB_Holz_Pellets_0.05_Solarthermie;;;221642.5802;3995.634677;2794.170595;3100829.586;47248.85868;-537246.0533;562.4806005;46.57945304;-57.66118621
EnEv2016_FB_HFMW_Pellets_0.1_Solarthermie;;;221685.5128;4241.611163;8057.124767;3124149.714;50157.56009;-244163.1856;562.5506115;49.44694497;-33.94287287
EnEv2016_FB_HFMW_Pellets_0.05_Solarthermie;;;221681.59;3995.634677;8056.613513;3100834.278;47248.85868;-244170.568;562.5321597;46.57945304;-33.94604862
EnEv2016_2WSV_EPS_Pellets_0.1_Solarthermie;;;275827.1473;4110.672884;11656.80212;4355274.981;48609.19926;-400681.0757;821.0578903;47.92052078;-44.82781381
EnEv2016_2WSV_EPS_Pellets_0.05_Solarthermie;;;264818.6062;4267.65643;13225.09866;4213489.991;50465.54849;-367525.8924;754.3776109;49.75056989;-35.0950012
EnEv2016_2WSV_Holz_Pellets_0.1_Solarthermie;;;257627.6386;4110.672884;13294.87786;4382879.968;48609.19926;-649977.925;826.7655018;47.92052078;-61.15642935
EnEv2016_2WSV_Holz_Pellets_0.05_Solarthermie;;;257627.6386;3845.681574;13294.87786;4357811.537;45475.64527;-649977.925;826.7655018;44.83136191;-61.15642935
EnEv2016_2WSV_HFMW_Pellets_0.1_Solarthermie;;;270229.0571;4110.672884;19882.74694;4478214.162;48609.19926;-458066.7694;859.3530923;47.92052078;-44.30635753
EnEv2016_2WSV_HFMW_Pellets_0.05_Solarthermie;;;270229.0571;3845.681574;19882.74694;4453145.73;45475.64527;-458066.7694;859.3530923;44.83136191;-44.30635753
EnEv2016_3WSV_EPS_Pellets_0.1_Solarthermie;;;280368.6979;3810.796341;11626.88551;4385699.751;45063.12322;-401088.2422;839.7243088;44.42468433;-45.01274295
EnEv2016_3WSV_EPS_Pellets_0.05_Solarthermie;;;280368.6979;3544.232822;11626.88551;4360482.586;41910.97767;-401088.2422;839.7243088;41.3171973;-45.01274295
EnEv2016_3WSV_Holz_Pellets_0.1_Solarthermie;;;262169.1892;3810.796341;13264.96125;4413304.738;45063.12322;-650385.0915;845.4319203;44.42468433;-61.3413585
EnEv2016_3WSV_Holz_Pellets_0.05_Solarthermie;;;262169.1892;3544.232822;13264.96125;4388087.574;41910.97767;-650385.0915;845.4319203;41.3171973;-61.3413585
EnEv2016_3WSV_HFMW_Pellets_0.1_Solarthermie;;;3297928.793;3810.796341;19853.00228;5038532.448;45063.12322;-458471.4529;3244487.237;44.42468433;-44.49021856
EnEv2016_3WSV_HFMW_Pellets_0.05_Solarthermie;;;275432.3233;3544.232822;19853.00228;4491151.552;41910.97767;-458471.4529;881.1320363;41.3171973;-44.49021856
EnEv2016_FB_EPS_WP_0.1_Solarthermie;;;450935.7928;20951.17321;-64911.08665;8787093.08;276944.0063;-1824239.552;2229.480396;33.26552686;-469.0553338
EnEv2016_FB_EPS_WP_0.05_Solarthermie;;;447005.2274;19638.21843;-56075.71135;8529754.764;259588.6557;-1794428.944;2220.858945;31.180864;-454.701381
EnEv2016_FB_Holz_WP_0.1_Solarthermie;;;402410.606;20951.17321;-51285.81273;8888525.949;276944.0063;-2647960.511;2246.700744;33.26552686;-521.2465223
EnEv2016_FB_Holz_WP_0.05_Solarthermie;;;413925.7348;19638.21843;-28066.91161;8603637.607;259588.6557;-2404741.499;2232.938761;31.180864;-476.8681731
EnEv2016_FB_HFMW_WP_0.1_Solarthermie;;;441903.7043;20951.17321;-49885.9366;8735734.726;276944.0063;-1957947.727;2271.846289;33.26552686;-466.6450598
EnEv2016_FB_HFMW_WP_0.05_Solarthermie;;;442022.4236;19638.21843;-33996.42628;8598157.153;259588.6557;-1968501.372;2270.180093;31.180864;-453.1375523
EnEv2016_2WSV_EPS_WP_0.1_Solarthermie;;;465579.075;20213.61967;-55612.5816;9137692.99;267194.6223;-1995920.905;2321.505038;32.0944656;-475.8420804
EnEv2016_2WSV_EPS_WP_0.05_Solarthermie;;;465579.075;18888.34952;-55612.5816;8997547.855;249676.4804;-1995920.905;2321.505038;29.99024884;-475.8420804
EnEv2016_2WSV_Holz_WP_0.1_Solarthermie;;;434578.4496;20213.61967;-52736.47899;9214093.655;267194.6223;-2433631.628;2333.340891;32.0944656;-504.5115567
EnEv2016_2WSV_Holz_WP_0.05_Solarthermie;;;450808.7514;18888.34952;-52736.47899;9145929.89;249676.4804;-2433631.628;2359.023237;29.99024884;-504.5115567
EnEv2016_2WSV_HFMW_WP_0.1_Solarthermie;;;457067.5451;20213.61967;-48024.02938;9259797.151;267194.6223;-2098553.46;2372.457105;32.0944656;-477.9447137
EnEv2016_2WSV_HFMW_WP_0.05_Solarthermie;;;473297.8469;18888.34952;-48024.02938;9191633.386;249676.4804;-2098553.46;2398.139451;29.99024884;-477.9447137
EnEv2016_3WSV_EPS_WP_0.1_Solarthermie;;;319068.0343;18713.88184;-55642.49821;5748362.028;247370.2717;-1996328.072;828.6198631;29.71323528;-476.0270096
EnEv2016_3WSV_EPS_WP_0.05_Solarthermie;;;470120.5934;17381.08563;-55642.49821;8896948.667;229752.6464;-1996328.072;2340.170983;27.59706891;-476.0270096
EnEv2016_3WSV_Holz_WP_0.1_Solarthermie;;;243045.6618;18713.88184;-52766.3956;6425048.076;247370.2717;-2434038.794;854.87173;29.71323528;-504.6964858
EnEv2016_3WSV_Holz_WP_0.05_Solarthermie;;;439120.0001;17381.08563;-52766.3956;8973351.226;229752.6464;-2434038.794;2352.00731;27.59706891;-504.6964858
EnEv2016_3WSV_HFMW_WP_0.1_Solarthermie;;;273613.5086;18713.88184;-48053.02681;6570864.515;247370.2717;-2098947.354;929.2923674;29.71323528;-478.1239333
EnEv2016_3WSV_HFMW_WP_0.05_Solarthermie;;;461609.0957;17381.08563;-48053.94599;9019054.722;229752.6464;-2098960.627;2391.123524;27.59706891;-478.1296429
EnEv2016_FB_EPS_Gas_0.1_Solarthermie;;;260273.8047;33593.67728;2982.008187;7965106.066;554567.5435;-224447.8386;725.8154159;14.97503895;-35.83189831
EnEv2016_FB_EPS_Gas_0.05_Solarthermie;;;249265.2636;28070.4216;1196.582747;7079042.943;463389.1261;-194637.2521;659.1351366;12.51293967;-33.30973412
EnEv2016_FB_Holz_Gas_0.1_Solarthermie;;;249265.2636;33593.67728;6605.568267;7808470.283;554567.5435;-775913.2482;659.1351366;14.97503895;-71.95215689
EnEv2016_FB_Holz_Gas_0.05_Solarthermie;;;249265.2636;31645.53673;3417.881723;7551189.603;522407.4586;-532694.1692;659.1351366;14.10661719;-55.45201729
EnEv2016_FB_HFMW_Gas_0.1_Solarthermie;;;249265.2636;33593.67728;8680.835896;7808470.283;554567.5435;-239611.3015;659.1351366;14.97503895;-31.73370396
EnEv2016_FB_HFMW_Gas_0.05_Solarthermie;;;249265.2636;28070.4216;8680.324641;7079042.943;463389.1261;-239618.6838;659.1351366;12.51293967;-31.73687971
EnEv2016_2WSV_EPS_Gas_0.1_Solarthermie;;;274917.087;32556.6425;12280.51325;8256745.318;537448.0772;-396129.1915;817.8400588;14.51276041;-42.61864489
EnEv2016_2WSV_EPS_Gas_0.05_Solarthermie;;;274917.087;30457.90402;12280.51325;7979575.96;502801.9075;-396129.1915;817.8400588;13.57720667;-42.61864489
EnEv2016_2WSV_Holz_Gas_0.1_Solarthermie;;;256717.5783;32556.6425;13918.58899;8284350.305;537448.0772;-645426.0408;823.5476703;14.51276041;-58.94726044
EnEv2016_2WSV_Holz_Gas_0.05_Solarthermie;;;256717.5783;30457.90402;13918.58899;8007180.948;502801.9075;-645426.0408;823.5476703;13.57720667;-58.94726044
EnEv2016_2WSV_HFMW_Gas_0.1_Solarthermie;;;271442.964;32556.6425;20507.01001;8404495.475;537448.0772;-453506.9153;866.12581;14.51276041;-42.09376013
EnEv2016_2WSV_HFMW_Gas_0.05_Solarthermie;;;269980.7124;30457.90402;20506.63002;8110244.926;502801.9075;-453512.4023;859.2477863;13.57720667;-42.0961205
EnEv2016_3WSV_EPS_Gas_0.1_Solarthermie;;;279458.6375;30181.61202;12250.59664;8001880.906;498240.8535;-396536.358;836.5064773;13.4540441;-42.80357404
EnEv2016_3WSV_EPS_Gas_0.05_Solarthermie;;;279458.6375;28070.4216;12250.59664;7723067.087;463389.1261;-396536.358;836.5064773;12.51293967;-42.80357404
EnEv2016_3WSV_Holz_Gas_0.1_Solarthermie;;;3283755.599;30181.61202;13888.67238;8551649.625;498240.8535;-645833.2073;3244448.319;13.4540441;-59.13218958
EnEv2016_3WSV_Holz_Gas_0.05_Solarthermie;;;261259.1288;28070.4216;13888.67238;7750672.074;463389.1261;-645833.2073;842.2140888;12.51293967;-59.13218958
EnEv2016_3WSV_HFMW_Gas_0.1_Solarthermie;;;3298972.259;30181.61202;20477.22106;8677533.579;498240.8535;-453912.2385;3244493.208;13.4540441;-42.27789631
EnEv2016_3WSV_HFMW_Gas_0.05_Solarthermie;;;274522.2629;28070.4216;20476.71341;7853736.052;463389.1261;-453919.5687;877.9142048;12.51293967;-42.28104964
KfW70_3WSV_EPS_Pellets_0.1_Solarthermie;;;292977.7162;1569.598144;17283.41223;4553672.213;18560.68607;-495533.1715;867.3359263;18.29772463;-53.0033814
KfW70_3WSV_EPS_Pellets_0.05_Solarthermie;;;285777.8621;1345.395265;14296.98519;4315945.181;15909.46016;-445669.9065;851.7254139;15.68406038;-48.78463377
KfW70_3WSV_Holz_Pellets_0.1_Solarthermie;;;227001.3782;1569.598144;47574.40567;4899191.926;18560.68607;-1928223.942;928.9536349;18.29772463;-136.1625623
KfW70_3WSV_Holz_Pellets_0.05_Solarthermie;;;246262.4763;1345.395265;42242.45897;4633695.021;15909.46016;-1521398.757;905.9342738;15.68406038;-108.5632787
KfW70_3WSV_HFMW_Pellets_0.1_Solarthermie;;;281320.7082;1569.598144;44036.98507;4612379.578;18560.68607;-982350.7388;951.4787508;18.29772463;-67.89980313
KfW70_3WSV_HFMW_Pellets_0.05_Solarthermie;;;279688.6333;1345.395265;44064.08661;4552718.698;15909.46016;-965740.4992;934.8929432;15.68406038;-67.03146823
KfW70_3WSV_EPS_WP_0.1_Solarthermie;;;475624.3617;9410.99169;-56982.68367;8187589.333;124399.6084;-1969603.275;2326.818684;14.94243753;-475.1275397
KfW70_3WSV_EPS_WP_0.05_Solarthermie;;;468424.5075;8290.97763;-59969.11071;7852632.466;109594.6531;-1919740.01;2311.208171;13.16411908;-470.9087921
KfW70_3WSV_Holz_WP_0.1_Solarthermie;;;402638.152;9410.99169;-42667.27093;8593221.788;124399.6084;-3204597.558;2395.6071;14.94243753;-556.9716906
KfW70_3WSV_Holz_WP_0.05_Solarthermie;;;421899.25;8290.97763;-47999.21763;8230495.049;109594.6531;-2797772.373;2372.587738;13.16411908;-529.372407
KfW70_3WSV_HFMW_WP_0.1_Solarthermie;;;466183.3755;9410.99169;-48080.28295;8249049.379;124399.6084;-2115559.826;2421.548288;14.94243753;-478.9932284
KfW70_3WSV_HFMW_WP_0.05_Solarthermie;;;464551.3007;8290.97763;-48053.18141;8092158.665;109594.6531;-2098949.586;2404.962481;13.16411908;-478.1248935
KfW70_3WSV_EPS_Gas_0.1_Solarthermie;;;287650.8338;12431.26055;17907.12336;5908323.89;205216.4033;-490981.2873;855.7150956;5.541477624;-50.79421249
KfW70_3WSV_EPS_Gas_0.05_Solarthermie;;;284867.8017;10655.56756;14920.69632;5586653.602;175903.0987;-441118.0223;848.5075824;4.749927732;-46.57546485
KfW70_3WSV_Holz_Gas_0.1_Solarthermie;;;226091.3179;12431.26055;48198.1168;6383196.978;205216.4033;-1923672.057;925.7358034;5.541477624;-133.9533934
KfW70_3WSV_Holz_Gas_0.05_Solarthermie;;;245352.416;10655.56756;42866.17009;5904403.443;175903.0987;-1516846.873;902.7164423;4.749927732;-106.3541098
KfW70_3WSV_HFMW_Gas_0.1_Solarthermie;;;287662.2927;12431.26055;44662.58062;6181094.217;205216.4033;-977771.6441;982.3706329;5.541477624;-65.67892877
KfW70_3WSV_HFMW_Gas_0.05_Solarthermie;;;279341.0312;10655.56756;44687.9439;5829997.437;175903.0987;-961186.5046;934.3207583;4.749927732;-64.82139142
KfW55_3WSV_EPS_Pellets_0.1_Solarthermie;;;307143.3562;1190.458556;23682.52647;4944792.245;14077.31503;-602376.8092;898.3846364;13.87787245;-62.04302902
KfW55_3WSV_EPS_Pellets_0.05_Solarthermie;;;292160.394;202.6937806;16983.16183;4399856.322;2396.878236;-490520.0019;865.5886608;2.362920086;-52.57923554
KfW55_3WSV_Holz_Pellets_0.1_Solarthermie;;;187254.2909;1190.458556;58338.67778;5414347.187;14077.31503;-2814823.255;981.3630076;13.87787245;-200.7888576
KfW55_3WSV_Holz_Pellets_0.05_Solarthermie;;;230461.9802;972.930147;46377.67731;4845768.829;11505.01553;-1902204.188;929.7245497;11.34201641;-138.87619
KfW55_3WSV_HFMW_Pellets_0.1_Solarthermie;;;284256.3759;1190.458556;43283.10135;4686497.038;14077.31503;-1053722.852;991.494128;13.87787245;-76.34723408
KfW55_3WSV_HFMW_Pellets_0.05_Solarthermie;;;282513.96;972.930147;43376.23578;4579651.979;11505.01553;-997233.7535;953.0077474;11.34201641;-73.38875092
KfW55_3WSV_EPS_WP_0.1_Solarthermie;;;489790.0016;8557.126359;-50583.56943;8524281.481;113112.7518;-2076446.913;2357.867394;13.58670056;-484.1671873
KfW55_3WSV_EPS_WP_0.05_Solarthermie;;;474807.0395;7448.743478;-57282.93407;7955579.388;98461.54388;-1964590.105;2325.071418;11.82684968;-474.7033938
KfW55_3WSV_Holz_WP_0.1_Solarthermie;;;361366.955;8557.126359;-31242.33551;9026366.507;113112.7518;-4076315.098;2444.931213;13.58670056;-616.1095722
KfW55_3WSV_Holz_WP_0.05_Solarthermie;;;404574.6443;7448.743478;-43203.33597;8361156.882;98461.54388;-3163696.032;2393.292755;11.82684968;-554.1969046
KfW55_3WSV_HFMW_WP_0.1_Solarthermie;;;480840.2314;8557.126359;-48170.0614;8395880.326;113112.7518;-2172000.465;2520.78059;13.58670056;-481.9308654
KfW55_3WSV_HFMW_WP_0.05_Solarthermie;;;465852.5177;7448.743478;-48080.36892;8037679.971;98461.54388;-2115561.067;2419.992026;11.82684968;-478.9937625
KfW55_3WSV_EPS_Gas_0.1_Solarthermie;;;298346.1135;9428.464566;24306.2376;5837112.617;155645.9684;-597824.9251;880.1614492;4.202922561;-59.8338601
KfW55_3WSV_EPS_Gas_0.05_Solarthermie;;;291250.3337;7705.633571;17606.87296;5389083.125;127205.3144;-485968.1177;862.3708293;3.434936935;-50.37006663
KfW55_3WSV_Holz_Gas_0.1_Solarthermie;;;184820.1209;9428.464566;59623.05222;6510073.07;155645.9684;-2795389.597;975.0599168;4.202922561;-193.091275
KfW55_3WSV_Holz_Gas_0.05_Solarthermie;;;228027.8102;7705.633571;47662.05176;5734547.876;127205.3144;-1882770.531;923.4214589;3.434936935;-131.1786074
KfW55_3WSV_HFMW_Gas_0.1_Solarthermie;;;295067.5037;9428.464566;44570.91774;5936946.949;155645.9684;-1034239.494;1047.493221;4.202922561;-68.62827117
KfW55_3WSV_HFMW_Gas_0.05_Solarthermie;;;280079.79;7705.633571;44660.61022;5468431.026;127205.3144;-977800.0961;946.7046566;3.434936935;-65.69116827